{"cameraMode":{"drawMode":0,"name":"Shaded","section":"Shading Mode"},"sceneLighting":true,"audioPlay":false,"sceneViewState":{"showFog":false,"showMaterialUpdate":false,"showSkybox":false,"showFlares":false,"showImageEffects":false,"showParticleSystems":false},"in2DMode":false,"pivot":{"x":-17.000228881835939,"y":0.9166356325149536,"z":-15.0},"rotation":{"x":-0.021830905228853227,"y":0.9780470132827759,"z":-0.15413615107536317,"w":-0.1385263353586197},"size":3.7345283031463625,"orthographic":false}