{"cameraMode":{"drawMode":0,"name":"Shaded","section":"Shading Mode"},"sceneLighting":true,"audioPlay":false,"sceneViewState":{"showFog":true,"showMaterialUpdate":false,"showSkybox":true,"showFlares":true,"showImageEffects":true,"showParticleSystems":true},"in2DMode":false,"pivot":{"x":325.8814697265625,"y":-28.369140625,"z":-69.681640625},"rotation":{"x":0.5486510396003723,"y":0.012671329081058503,"z":-0.008318973705172539,"w":0.8359140753746033},"size":17.180299758911134,"orthographic":true}