{"cameraMode":{"drawMode":0,"name":"Shaded","section":"Shading Mode"},"sceneLighting":true,"audioPlay":false,"sceneViewState":{"showFog":true,"showMaterialUpdate":false,"showSkybox":true,"showFlares":true,"showImageEffects":true,"showParticleSystems":true},"in2DMode":false,"pivot":{"x":-1048.2332763671875,"y":-160.89111328125,"z":81.08050537109375},"rotation":{"x":-0.2188236266374588,"y":0.7561680674552918,"z":-0.5328016877174377,"w":-0.3105616867542267},"size":2788.513427734375,"orthographic":false}